"Name","Bytes","SHA256"
"computerNoise_000.ogg","119024","1527944E16EB14B48EE03FE3E7CE6AAE94262833A4E1F83928D451A7414FE4E1"
"explosionCrunch_000.ogg","28274","4B597D658D0AE101F0A030FBEEA5FC3A4292AB85F017470A8254A8E7959CBD69"
"explosionCrunch_002.ogg","47907","BE2B8DDC62E4A24C91E2E77793DE98549CE216FAF2F323A917E7D6F34321FF97"
"forceField_001.ogg","28947","5574E69DD04E5F59322C5DDFFDE5978F077B09170AE5E29CEC0BD9901828CD90"
"impactMetal_heavy_000.ogg","6110","E07045693E4A2B3D165C424E3DAB4C781D9FF8880A386880AC89A51315D7F831"
"impactMetal_heavy_001.ogg","7279","83554049F81F4DB9209379E103C30BFA63F65C42189A03F300B045C2C82E23AE"
"impactMetal_medium_000.ogg","7117","A96F879FEC0864A8938E0C745B6996A6C5679C16A234CE31A01CC995E8401003"
"jingles_HIT00.ogg","8650","E23D8C9E971A4E34484BC834A3EC1D560811EC6F5EDD5EFA2C61E583C18C504A"
"jingles_HIT04.ogg","11424","7C20CD8D6B98E583822E1F58ABC596900A07BA75CA690EC599EFE5EA58981211"
"jingles_HIT08.ogg","8613","E82B1D3CF1020B99347ACDCF76090150397D06AC90403A2718E7A738BF75F01D"
"jingles_HIT13.ogg","8577","6673791DB0A0BA935F49381AD60008092A4662440C2A973510C440D0A98C1996"
"laserLarge_001.ogg","26220","E678ACA631495B7DFEF4AC625F0349875CCAC81A60F538D530E072241AF3E4BD"
"laserLarge_002.ogg","27440","E5E0B6CCC4D5720C8174A3E5B7CC6F9BE3057352A89CBB2E99A00EFC6FE5CC11"
"spaceEngineLow_000.ogg","99760","D7DEEE8D7217CE63AAB802AD7365A59CACFD243392DC1BD03B0A9D454AA494DF"
"thrusterFire_000.ogg","201216","0FDC474D93F209DEBF1FC4EA77765A669DCB7676DB31B4D8A0A509685BCCF374"
"thrusterFire_002.ogg","205657","5F7731C30196D73777D62EEC7CB36A28BF63852E70244057B7625B888E71A3A8"
"Subspace_Loop.ogg","3612698","E8B12B99B8B2DA686B842561BDFF142640F351216F955209724426F5F6FD3D9B"
