ID,测试项,通过条件,设备型号,iOS版本,构建号,结果,证据或问题
01,安装冷启动,无闪退且进入机库,iPhone 17 Pro Max,,,NOT_RUN,
02,横屏安全区,两侧横屏均不被灵动岛或刘海遮挡,iPhone 17 Pro Max,,,NOT_RUN,
03,移动加射击,双摇杆同时操作无输入抢占,iPhone 17 Pro Max,,,NOT_RUN,
04,推进加斩击及技能,多指操作抬手后不持续推进或攻击,iPhone 17 Pro Max,,,NOT_RUN,
05,机体切换,NEMESIS和VALKYR技能及武器正常,iPhone 17 Pro Max,,,NOT_RUN,
06,暂停恢复,触屏暂停和继续均可完成,iPhone 17 Pro Max,,,NOT_RUN,
07,后台和锁屏,返回后输入音频与暂停状态正常,iPhone 17 Pro Max,,,NOT_RUN,
08,完整流程,进入战斗到奖励继续及首领结算无阻断,iPhone 17 Pro Max,,,NOT_RUN,
09,死亡重试,本关重试和返回机库正常,iPhone 17 Pro Max,,,NOT_RUN,
10,本地保存,重启后语言音量及已保存装备保留,iPhone 17 Pro Max,,,NOT_RUN,
11,连续游玩20分钟,记录平均帧率低帧内存发热及电量变化,iPhone 17 Pro Max,,,NOT_RUN,
12,画质和性能,高低画质均无粉色材质黑屏或持续异常掉帧,iPhone 17 Pro Max,,,NOT_RUN,
13,无网络启动,确认实际离线可玩范围及无登录要求,iPhone 17 Pro Max,,,NOT_RUN,
14,声音中断,来电或系统音频中断恢复后音量和声音正常,iPhone 17 Pro Max,,,NOT_RUN,
